year,dep_code,population,pet,pea,employed,unemployed,inactive
1993,5,4712323.8,3035999.5,1992263.5,1790643.2,201620.3,1042663.7
1993,8,1710947.2,1131844.7,691283.2,625054.8,66228.4,440082.6
1993,11,6170124.8,4046299.8,2578053.8,2313578.8,264475.0,1466884.7
1993,13,1556196.8,989930.8,608795.3,563320.9,45474.3,381189.5
1993,15,1039082.0,691242.7,488940.2,454527.8,34412.4,202818.0
1993,17,942987.3,629681.1,373569.7,343083.4,30486.3,256101.4
1993,18,355395.7,204487.1,123025.7,113758.5,9267.2,81463.2
1993,19,1140337.1,718397.1,431831.8,387642.6,44189.2,286158.8
1993,20,688105.0,455437.5,298453.4,262875.1,35578.3,156674.9
1993,23,1360928.7,819952.4,582710.4,525887.3,56823.1,237176.6
1993,25,900442.7,713530.8,551651.6,506062.3,45589.3,161557.4
1993,27,314488.8,195387.1,148377.5,128685.3,19692.2,46965.9
1993,41,819238.5,522203.4,371160.0,343720.1,27439.8,151380.4
1993,44,410898.1,225156.5,160623.3,133818.2,26805.1,64050.0
1993,47,873823.6,553128.4,352767.0,318512.6,34254.4,200205.7
1993,50,642166.9,433205.4,318900.0,291052.3,27847.6,114368.3
1993,52,1427564.7,880573.5,575468.5,500138.9,75329.6,304218.1
1993,54,1037377.3,717184.6,505280.3,458436.5,46843.8,211941.3
1993,63,474447.5,302440.3,201410.1,174193.3,27216.9,100765.8
1993,66,828820.0,530756.7,365508.3,325698.8,39809.5,165132.7
1993,68,1622880.9,1066007.2,784342.6,733489.6,50853.0,282525.6
1993,70,660007.8,411553.9,256512.9,231399.4,25113.5,154890.3
1993,73,1255517.9,771610.1,605224.5,540773.4,64451.1,166564.4
1993,76,3985860.7,2604035.9,1871489.6,1684079.4,187410.1,732619.1
1993,81,151320.4,104135.3,75758.6,65682.3,10076.2,28326.6
1993,85,251940.0,143433.8,104123.7,90237.6,13886.1,39168.7
1993,86,207992.4,136352.4,87919.4,75709.6,12209.8,48287.6
1993,88,61496.2,35786.5,23025.5,20449.9,2575.5,12748.4
1993,91,46419.9,30540.4,19244.7,16577.2,2667.5,11262.2
1993,94,16794.1,13951.7,8661.2,7214.7,1446.4,5264.2
1993,95,53048.4,34997.2,22398.3,19406.8,2991.6,12565.7
1993,97,15516.6,12235.5,7571.6,6292.9,1278.7,4640.6
1993,99,54211.7,38408.6,24203.5,20631.8,3571.7,14153.4
1994,5,4745973.6,3067117.8,2048450.6,1835053.2,213397.4,1019682.2
1994,8,1727858.5,1147251.8,715385.0,645415.7,69969.3,432251.6
1994,11,6197007.1,4076206.7,2629516.4,2351946.3,277570.1,1447277.5
1994,13,1566875.9,1000432.0,624865.2,576703.5,48161.7,375788.4
1994,15,1042960.8,691777.4,493433.6,457305.2,36128.5,198464.0
1994,17,944335.6,631894.7,378335.7,346110.5,32225.2,253574.6
1994,18,356443.4,205785.2,125223.6,115300.6,9923.0,80577.2
1994,19,1146858.1,727615.1,444710.1,398209.3,46500.8,283034.8
1994,20,698627.9,459826.7,308352.3,270775.9,37576.3,151705.4
1994,23,1369395.2,827605.0,596309.3,536417.2,59892.1,231549.9
1994,25,940037.6,741783.6,595791.4,544995.1,50796.3,147033.6
1994,27,318900.2,194223.5,150465.2,130008.4,20456.7,43880.0
1994,41,824859.6,522893.5,376150.8,347135.1,29015.7,146899.5
1994,44,420544.9,234223.9,173159.1,145200.8,27958.4,61305.0
1994,47,883442.7,559200.5,363925.1,327829.6,36095.4,195498.8
1994,50,649934.2,437572.0,327186.0,297461.9,29724.1,110568.9
1994,52,1431773.4,894947.6,592213.7,514043.9,78169.8,302831.2
1994,54,1047270.0,720788.9,514769.8,464980.8,49789.0,206229.5
1994,63,475799.7,303606.8,205000.1,176425.1,28575.0,98667.3
1994,66,831094.8,532377.6,370852.1,329134.8,41717.3,161630.5
1994,68,1634314.8,1071684.9,798330.7,744000.1,54330.5,273721.2
1994,70,665116.0,415900.7,263900.5,237384.2,26516.3,152118.9
1994,73,1257253.6,769038.4,608476.1,541003.2,67473.0,160713.6
1994,76,3995983.4,2608197.5,1889672.0,1692256.9,197415.1,718804.5
1994,81,153722.7,104100.7,77075.9,66582.6,10493.3,27074.3
1994,85,255313.7,145997.4,108542.4,93957.5,14585.0,37552.5
1994,86,210753.3,137783.5,90470.3,77720.4,12749.9,47354.2
1994,88,61504.6,35844.7,23158.9,20479.3,2679.6,12682.5
1994,91,47023.4,30851.2,19770.9,16982.6,2788.3,11087.3
1994,94,17415.0,14232.4,9128.3,7610.1,1518.2,5113.1
1994,95,53695.4,35302.9,22939.9,19815.0,3125.0,12370.0
1994,97,16013.8,12476.7,7963.6,6623.5,1340.1,4520.2
1994,99,55289.6,38928.0,25073.7,21334.7,3739.0,13868.1
1995,5,4797187.2,3113599.0,2103800.4,1876480.3,227320.0,1009727.4
1995,8,1753596.9,1164794.5,737207.4,663095.9,74111.5,428370.6
1995,11,6237920.9,4115635.4,2680738.2,2392859.0,287879.2,1435460.3
1995,13,1583129.2,1012936.1,640751.3,589344.4,51406.9,372664.1
1995,15,1048864.2,696804.8,499696.6,462185.5,37511.1,196547.4
1995,17,946387.6,636509.2,384599.5,350411.1,34188.4,251665.3
1995,18,358038.0,208051.9,128031.5,117081.6,10950.0,79956.5
1995,19,1156782.8,736651.0,456452.5,407811.5,48641.0,280850.4
1995,20,714643.2,467698.3,317536.0,277774.5,39761.5,149949.1
1995,23,1382280.8,839080.1,609885.6,546914.8,62970.7,229218.3
1995,25,1000299.3,779536.0,636745.6,574202.9,62542.6,143604.8
1995,27,325614.0,195818.7,152258.3,131746.0,20512.4,43078.1
1995,41,833414.7,528387.6,382516.8,351696.6,30820.1,145256.5
1995,44,435226.9,241590.6,182061.3,153645.4,28415.9,60464.1
1995,47,898082.6,567474.2,374061.6,336141.1,37920.4,193536.4
1995,50,661755.7,445599.7,336149.0,303657.9,32491.2,109256.9
1995,52,1438178.8,903720.9,604708.2,526608.1,78100.1,300841.8
1995,54,1062326.3,730828.2,526114.0,472383.7,53730.3,204027.0
1995,63,477857.6,306711.2,208744.4,179072.5,29672.0,97726.3
1995,66,834557.0,537072.1,376644.5,333590.5,43053.9,160076.1
1995,68,1651716.7,1086858.8,815428.2,755872.3,59555.9,270579.8
1995,70,672890.6,421576.1,270930.7,242897.4,28033.3,150751.1
1995,73,1259895.3,774238.2,614181.4,544768.3,69413.1,158748.4
1995,76,4011389.9,2630802.1,1916107.4,1708933.8,207173.6,712210.7
1995,81,157379.0,105075.8,78228.3,67618.6,10609.7,26695.9
1995,85,260448.4,149132.8,112191.0,97027.2,15163.8,37049.2
1995,86,214955.4,139421.7,92567.7,79560.3,13007.5,46915.5
1995,88,61517.4,35936.7,23335.7,20635.3,2700.4,12596.4
1995,91,47942.0,31192.9,20215.2,17361.8,2853.5,10991.8
1995,94,18360.0,14534.6,9492.9,7917.9,1575.0,5056.6
1995,95,54680.0,35660.6,23407.7,20215.8,3191.9,12264.2
1995,97,16770.6,12727.7,8269.8,6886.0,1383.7,4472.7
1995,99,56930.1,39499.5,25788.2,21941.6,3846.6,13737.6
1996,5,4872336.5,3179024.3,2153669.5,1855444.9,298224.6,1029429.2
1996,8,1791364.6,1185706.5,750398.9,654761.9,95636.9,435722.7
1996,11,6297956.5,4171623.3,2717891.1,2369562.6,348328.5,1456609.4
1996,13,1606978.8,1028658.4,650675.9,582847.1,67828.8,378318.0
1996,15,1057526.6,703414.4,504123.8,458578.0,45545.9,200319.0
1996,17,949398.6,646359.9,391829.6,347500.2,44329.5,254896.4
1996,18,360377.8,212622.5,131797.6,116004.6,15792.9,81025.6
1996,19,1171345.9,748051.7,463514.1,403063.2,60450.9,284613.9
1996,20,738143.6,478512.9,325566.1,274405.2,51160.9,153692.0
1996,23,1401188.8,853306.4,620745.0,541252.0,79493.0,233905.4
1996,25,1088725.5,826086.8,676650.9,562878.5,113772.4,152317.4
1996,27,335465.8,197223.6,152714.8,130615.3,22099.4,45024.3
1996,41,845968.1,536472.2,388799.9,348699.9,40100.0,148707.6
1996,44,456770.8,245003.9,182567.4,150428.9,32138.5,62362.7
1996,47,919564.8,576924.4,379866.1,332111.1,47755.0,197471.2
1996,50,679102.3,457113.6,346144.9,300405.2,45739.6,112077.6
1996,52,1447578.0,907638.5,603440.1,520429.3,83010.8,303844.8
1996,54,1084419.5,747948.5,541079.8,467984.3,73095.5,208569.0
1996,63,480877.4,312514.5,213491.3,177450.3,36041.0,99567.5
1996,66,839637.3,544272.6,381983.5,330711.5,51272.0,163125.2
1996,68,1677251.8,1108097.8,833280.6,748825.3,84455.3,277249.2
1996,70,684298.8,429161.1,276106.9,240129.4,35977.5,153346.1
1996,73,1263771.6,783664.7,622907.1,541105.8,81801.4,163020.3
1996,76,4033996.8,2675120.8,1956053.4,1696003.4,260050.0,724850.1
1996,81,162744.0,106115.3,78777.7,66995.9,11781.8,27554.9
1996,85,267982.9,152098.5,114156.7,95664.6,18492.2,38177.9
1996,86,221121.4,141219.4,93548.5,78643.8,14904.7,47761.1
1996,88,61536.1,36163.3,23457.3,20492.8,2964.5,12726.8
1996,91,49289.9,31622.9,20474.1,17169.5,3304.6,11166.5
1996,94,19746.6,14861.0,9695.7,7788.3,1907.4,5174.4
1996,95,56124.9,36110.3,23675.7,20002.9,3672.7,12458.2
1996,97,17881.1,12989.9,8426.5,6776.6,1649.9,4569.6
1996,99,59337.2,40160.1,26192.8,21659.8,4533.0,13992.0
1997,5,4944334.2,3250739.3,2209423.5,1895686.7,313736.8,1044007.1
1997,8,1827548.4,1212018.8,772729.5,672629.9,100099.6,440876.0
1997,11,6355474.4,4230352.0,2763596.9,2406598.6,356998.3,1470309.3
1997,13,1629828.2,1047438.2,666524.2,595042.7,71481.5,382042.3
1997,15,1065825.8,711674.9,508847.9,462113.4,46734.4,203094.2
1997,17,952283.3,653523.7,397364.0,350897.4,46466.7,256808.2
1997,18,362619.4,216144.4,134629.6,117555.4,17074.2,81677.7
1997,19,1185298.4,761096.7,475035.5,412522.8,62512.7,286911.2
1997,20,760658.5,490972.7,334898.9,281399.9,53499.0,156693.6
1997,23,1419303.9,870861.6,633716.4,551093.0,82623.5,237435.1
1997,25,1173443.4,884899.8,724906.3,595002.1,129904.2,160442.0
1997,27,344904.4,200236.6,153738.3,132038.5,21699.8,46777.8
1997,41,857995.1,545651.2,394482.2,352403.9,42078.3,151437.9
1997,44,477411.2,255480.5,191933.8,159778.7,32155.1,63971.5
1997,47,940146.0,589643.7,389982.9,340385.6,49597.3,200427.6
1997,50,695721.4,469766.0,355431.3,306309.7,49121.5,114362.0
1997,52,1456583.0,918524.8,613913.9,532847.8,81066.1,305252.1
1997,54,1105586.2,764118.6,552227.1,474490.2,77736.9,212088.9
1997,63,483770.6,317405.4,216711.5,179725.3,36986.2,100911.1
1997,66,844504.5,551694.4,386640.9,334379.4,52261.5,165361.9
1997,68,1701716.0,1132619.4,850151.6,759267.2,90884.4,282578.7
1997,70,695228.5,437788.6,283113.9,245522.7,37591.1,155168.4
1997,73,1267485.4,792705.5,625963.3,542889.5,83073.8,166515.4
1997,76,4055655.7,2711295.0,1977220.0,1707424.8,269795.2,733845.4
1997,81,167884.1,107772.3,79605.4,67899.3,11706.1,28287.1
1997,85,275201.4,156846.7,117858.5,98855.7,19002.8,39128.7
1997,86,227028.8,143630.4,95435.1,80450.7,14984.4,48365.4
1997,88,61554.0,36281.8,23510.1,20577.6,2932.6,12790.7
1997,91,50581.2,32123.9,20874.7,17539.3,3335.4,11285.4
1997,94,21075.0,15317.6,10078.6,8123.2,1955.4,5266.5
1997,95,57509.3,36630.7,24078.2,20380.0,3698.3,12589.8
1997,97,18945.0,13359.2,8737.5,7055.0,1682.4,4644.9
1997,99,61643.5,40998.7,26877.0,22273.5,4603.6,14175.6
1998,5,5023043.0,3324819.9,2254497.0,1868699.3,385797.6,1073558.3
1998,8,1867105.0,1230682.9,782190.0,660441.9,121748.1,450748.6
1998,11,6418353.7,4286142.1,2796789.9,2382568.8,414221.1,1494183.9
1998,13,1654807.4,1062174.0,675116.1,586889.6,88226.5,388673.4
1998,15,1074898.5,723580.7,514479.2,460105.7,54373.5,208680.4
1998,17,955436.9,664420.2,405551.2,348853.3,56697.8,259728.3
1998,18,365070.0,221191.0,138771.2,116570.4,22200.8,82721.7
1998,19,1200551.3,769176.1,480170.8,406137.9,74032.9,290593.0
1998,20,785272.0,504406.4,341590.0,276649.7,64940.2,163242.2
1998,23,1439107.5,888057.7,643567.0,544599.4,98967.7,244712.3
1998,25,1266058.0,938038.4,758856.4,572332.8,186523.6,180269.2
1998,27,355222.8,205158.9,153790.1,131167.9,22622.2,50961.0
1998,41,871143.1,559283.3,401598.2,350137.1,51461.2,157319.0
1998,44,499975.6,255281.3,188364.9,153164.4,35200.5,67643.4
1998,47,962645.7,599867.8,394081.1,334775.2,59305.9,206510.0
1998,50,713889.6,484863.5,365418.1,302384.5,63033.6,119381.4
1998,52,1466427.4,912330.1,607719.2,524453.8,83265.3,306476.2
1998,54,1128725.8,787762.5,568124.2,470331.6,97792.7,219544.1
1998,63,486933.4,324768.3,221333.7,178289.4,43044.3,103596.7
1998,66,849825.5,561810.1,391981.8,332116.4,59865.4,169851.0
1998,68,1728460.6,1164596.5,869689.1,752591.6,117097.5,294170.1
1998,70,707177.0,445469.7,287445.9,241896.1,45549.8,158665.2
1998,73,1271545.3,812314.3,636591.9,542257.2,94334.7,174264.5
1998,76,4079333.4,2775627.6,2023044.4,1701196.5,321847.9,751364.1
1998,81,173503.3,109978.8,79917.1,67326.7,12590.4,29963.5
1998,85,283092.8,160003.2,118837.3,96653.3,22184.0,41285.8
1998,86,233486.8,145188.8,95835.4,79233.1,16602.3,49551.7
1998,88,61573.6,36483.9,23659.4,20541.8,3117.6,12851.9
1998,91,51993.0,32473.7,21022.7,17291.2,3731.5,11501.7
1998,94,22527.3,15589.9,10161.0,7891.0,2270.0,5465.0
1998,95,59022.6,37025.2,24241.6,20128.5,4113.2,12832.3
1998,97,20108.0,13560.4,8790.6,6861.3,1929.2,4802.2
1998,99,64164.6,41544.9,27079.1,21851.5,5227.6,14540.2
1999,5,5098501.1,3397022.2,2280914.6,1768988.4,511926.3,1118088.7
1999,8,1905027.9,1242066.1,775181.6,615628.9,159552.7,464862.8
1999,11,6478636.1,4331938.8,2805700.5,2292914.7,512785.8,1524963.4
1999,13,1678755.0,1072938.9,674292.2,556734.8,117557.4,397438.6
1999,15,1083596.6,735157.3,519843.6,452297.8,67545.9,217052.2
1999,17,958460.3,678371.1,415618.6,341042.0,74576.7,262858.2
1999,18,367419.5,227898.0,144126.7,112875.2,31251.6,83924.0
1999,19,1215174.3,773076.9,476604.6,382590.6,94014.0,294840.2
1999,20,808869.0,517301.0,344076.1,259164.2,84912.0,173729.9
1999,23,1458093.2,902576.5,647898.5,520493.4,127405.1,255840.1
1999,25,1354847.6,989804.8,777147.5,489801.5,287346.0,214624.7
1999,27,365115.0,208976.9,151824.2,127848.9,23975.3,58100.9
1999,41,883748.1,574249.2,409395.4,341528.6,67866.8,166651.4
1999,44,521608.0,244814.4,169349.9,129098.7,40251.2,73722.0
1999,47,984216.1,606484.7,390304.0,314113.8,76190.2,215797.4
1999,50,731307.4,501385.9,375396.7,287844.4,87552.3,127465.9
1999,52,1475865.2,889381.8,579573.7,493514.8,86058.9,306146.7
1999,54,1150909.8,816402.6,587786.3,454748.0,133038.2,231202.7
1999,63,489965.6,333348.6,226379.2,172887.6,53491.6,107593.4
1999,66,854926.6,571956.4,396438.0,323545.8,72892.2,176558.3
1999,68,1754100.6,1199645.3,890895.3,727573.8,163321.5,312691.8
1999,70,718632.0,451896.9,287942.3,228506.0,59436.3,163673.0
1999,73,1275437.5,835332.4,652843.7,539301.3,113542.4,186833.4
1999,76,4102033.3,2856259.7,2088951.9,1676632.2,412319.7,776810.6
1999,81,178890.4,111618.6,79190.8,65168.5,14022.3,32745.4
1999,85,290658.2,161125.0,116254.0,88577.8,27676.2,44843.8
1999,86,239678.1,145518.7,94058.7,74741.8,19316.9,51287.0
1999,88,61592.4,36652.1,23797.4,20387.7,3409.7,12857.2
1999,91,53346.4,32620.6,20781.8,16381.7,4400.2,11797.5
1999,94,23919.6,15673.8,9855.7,7043.8,2811.9,5779.2
1999,95,60473.4,37207.7,24010.9,19199.7,4811.2,13164.4
1999,97,21223.1,13587.6,8502.7,6150.9,2351.8,5047.1
1999,99,66581.7,41746.6,26598.9,20306.5,6292.4,15079.5
2000,5,5163880.2,3460649.3,2334859.9,1803990.5,530869.3,1130892.7
2000,8,1937885.3,1265092.7,797944.9,632618.0,165326.9,469098.8
2000,11,6530866.4,4380313.7,2848809.1,2319452.5,529356.7,1535019.0
2000,13,1699503.9,1088145.9,689107.7,567168.5,121939.2,400244.2
2000,15,1091132.8,742711.4,522579.2,452833.9,69745.4,219470.3
2000,17,961079.9,682938.5,419654.6,342361.2,77293.4,264053.1
2000,18,369455.1,230263.7,146363.0,113838.4,32524.7,84355.5
2000,19,1227844.1,783444.9,488320.6,391103.6,97217.0,296363.7
2000,20,829314.1,529467.4,353633.1,265661.2,87971.9,176602.4
2000,23,1474542.9,918584.7,660168.8,528304.1,131864.6,259001.9
2000,25,1431777.4,1044608.3,826194.4,525616.5,300577.9,223463.9
2000,27,373685.9,213480.7,152994.4,128526.3,24468.1,59958.8
2000,41,894669.5,582973.6,413574.0,343223.3,70350.8,169227.0
2000,44,540351.0,255928.5,180957.9,139638.5,41319.5,75342.4
2000,47,1002905.4,618456.7,400582.0,321735.9,78846.1,218439.5
2000,50,746398.7,512740.7,383785.8,292738.5,91047.2,129668.6
2000,52,1484042.4,898640.4,592414.8,504764.5,87650.3,306556.6
2000,54,1170130.6,830623.0,597139.4,458965.5,138174.0,234456.0
2000,63,492592.8,337846.9,229477.7,174242.9,55234.8,108755.0
2000,66,859346.4,578952.0,400511.4,325348.8,75162.6,178500.0
2000,68,1776315.8,1221672.6,904245.3,734362.3,169883.0,317772.5
2000,70,728557.0,459384.1,294840.2,233269.9,61570.3,165172.6
2000,73,1278809.9,845033.9,653902.4,536917.7,116984.6,190242.6
2000,76,4121701.1,2886291.0,2103154.3,1676539.5,426614.8,784348.4
2000,81,183558.0,113728.4,80102.4,65736.4,14366.0,33486.7
2000,85,297213.2,166003.6,120383.9,91798.2,28585.8,45795.4
2000,86,245042.5,147890.3,96208.5,76353.4,19855.2,51798.1
2000,88,61608.7,36690.8,23807.1,20318.4,3488.7,12879.1
2000,91,54519.1,33077.7,21225.1,16698.4,4526.7,11889.1
2000,94,25125.9,16129.1,10301.1,7397.9,2903.2,5865.0
2000,95,61730.5,37691.7,24454.5,19507.7,4946.9,13268.1
2000,97,22189.2,13955.8,8870.1,6445.1,2424.9,5116.2
2000,99,68675.9,42555.5,27382.3,20899.8,6482.5,15237.2
2001,5,5240804.1,3526660.6,2346964.9,1967432.4,379532.5,1180563.1
2001,8,1976544.9,1307020.2,823069.8,703433.2,119636.6,485597.6
2001,11,6592319.9,4454445.3,2881774.8,2476749.8,405025.0,1574504.3
2001,13,1723916.7,1113973.4,703740.6,616913.9,86826.7,411238.2
2001,15,1099999.8,751482.3,523433.3,470250.9,53182.3,228855.2
2001,17,964162.0,683435.9,413876.4,358143.6,55732.8,268804.7
2001,18,371850.1,229049.7,142553.4,120593.1,21960.3,86064.2
2001,19,1242751.2,803537.6,501732.3,429184.5,72547.8,302391.1
2001,20,853369.5,544677.3,357371.6,293570.0,63801.6,187687.5
2001,23,1493897.4,936662.3,666280.3,569182.1,97098.1,271253.8
2001,25,1522291.9,1089162.6,832720.6,646556.5,186164.0,257342.9
2001,27,383770.3,223160.9,156827.5,134978.0,21849.5,67092.3
2001,41,907519.4,589526.2,410713.6,360115.7,50597.9,179171.6
2001,44,562403.7,288204.5,208898.1,174701.9,34196.1,81582.0
2001,47,1024894.9,640593.8,413003.2,354828.2,58175.0,228679.8
2001,50,764154.9,517541.2,379283.3,317011.3,62272.1,138168.4
2001,52,1493663.6,940358.0,634939.3,554662.8,80276.5,308346.4
2001,54,1192745.5,831380.5,583559.0,487134.7,96424.3,247037.9
2001,63,495683.9,339900.0,226333.6,184230.9,42102.7,113264.4
2001,66,864546.7,586202.9,400375.7,341921.2,58454.5,186037.4
2001,68,1802453.9,1232188.7,895273.3,779545.0,115728.4,337387.0
2001,70,740234.6,470541.0,299828.3,255085.7,44742.6,171017.9
2001,73,1282777.7,844297.7,640950.5,548927.0,92023.5,203377.9
2001,76,4144841.9,2867503.1,2050700.8,1735067.3,315633.4,813678.4
2001,81,189049.8,117922.1,81872.0,69666.0,12206.0,36336.1
2001,85,304925.6,174869.7,125935.4,104229.5,21706.0,49459.8
2001,86,251354.1,153321.8,99794.1,83643.1,16150.9,53786.7
2001,88,61627.8,36826.5,23848.4,20830.2,3018.2,12972.0
2001,91,55898.8,34040.6,21824.6,18191.1,3633.5,12249.1
2001,94,26545.2,17048.9,10887.7,8667.8,2219.9,6200.0
2001,95,63209.5,38706.1,25072.3,21069.7,4002.7,13671.6
2001,97,23325.9,14744.8,9396.7,7513.2,1883.6,5381.8
2001,99,71139.9,44213.6,28428.6,23329.2,5099.4,15849.5
2002,5,5306087.5,3598107.4,2391386.9,1989036.5,402350.4,1210282.4
2002,8,2009354.3,1337206.9,842318.4,715500.4,126817.9,495767.0
2002,11,6644473.7,4514151.5,2916112.7,2486949.0,429163.7,1600143.8
2002,13,1744635.2,1133105.7,715212.9,623163.2,92049.7,418291.1
2002,15,1107525.0,758652.6,524172.7,467819.8,56352.9,234489.7
2002,17,966777.7,687909.4,416256.1,357176.2,59079.9,272142.1
2002,18,373882.7,231052.7,144064.6,120773.3,23291.2,87230.4
2002,19,1255402.5,817769.5,511633.4,434748.5,76884.9,306501.5
2002,20,873784.7,558927.1,365656.8,298027.2,67629.6,194079.1
2002,23,1510323.1,954131.4,676098.5,573185.6,102912.9,278521.5
2002,25,1599109.1,1147926.1,874827.7,677241.4,197586.3,275881.7
2002,27,392328.7,228718.6,157916.7,134788.0,23128.7,71037.7
2002,41,918424.7,597718.4,413136.5,359499.1,53637.3,184940.0
2002,44,581119.2,305173.8,220045.0,183829.7,36215.2,85104.2
2002,47,1043556.7,655964.6,421652.5,359994.4,61658.1,234757.8
2002,50,779224.1,528285.4,385807.2,319768.7,66038.5,143052.6
2002,52,1501828.8,957979.9,647057.0,562094.8,84962.2,310259.4
2002,54,1211938.2,843780.3,590408.0,488168.0,102240.0,254403.0
2002,63,498307.3,344518.9,229001.8,184388.9,44612.9,115980.9
2002,66,868960.0,593640.4,403457.7,341526.4,61931.2,190568.9
2002,68,1824636.7,1251948.7,903968.1,781236.5,122731.6,348716.9
2002,70,750145.0,479782.2,305533.0,258106.4,47426.6,174616.6
2002,73,1286145.1,851029.8,640660.3,543171.3,97489.0,210894.2
2002,76,4164480.9,2887971.8,2058610.5,1724085.7,334524.8,831596.0
2002,81,193710.5,120536.2,82702.5,69778.0,12924.4,37941.9
2002,85,311470.9,181077.8,129698.2,106697.7,23000.5,51532.8
2002,86,256710.6,156681.4,101786.5,84680.4,17106.2,54995.7
2002,88,61644.1,36889.0,23827.9,20632.8,3195.0,13061.6
2002,91,57069.7,34687.1,22235.0,18386.7,3848.3,12476.4
2002,94,27749.8,17677.4,11305.9,8953.7,2352.2,6395.5
2002,95,64464.7,39379.6,25477.6,21237.9,4239.7,13926.4
2002,97,24290.5,15266.9,9748.8,7752.9,1996.0,5537.2
2002,99,73231.1,45337.6,29160.3,23757.9,5402.4,16219.8
2003,5,5370030.7,3670776.3,2464023.3,2093796.4,370226.9,1209276.0
2003,8,2041490.1,1370084.3,877400.8,760428.0,116972.8,494532.0
2003,11,6695557.0,4579672.9,2989619.4,2589556.0,400063.4,1593196.9
2003,13,1764928.4,1154907.1,739739.6,655104.7,84634.9,416619.8
2003,15,1114895.7,766151.0,532284.5,479785.2,52499.3,234244.2
2003,17,969339.7,692839.3,422264.0,367808.3,54455.7,270540.8
2003,18,375873.6,233149.1,146403.1,125222.2,21180.8,86755.3
2003,19,1267794.0,834165.2,530406.0,459068.6,71337.4,304841.7
2003,20,893780.7,572596.4,378190.7,315784.2,62406.5,194587.9
2003,23,1526411.6,972347.3,694863.8,599618.4,95245.4,278471.3
2003,25,1674349.4,1206296.7,928490.5,752262.7,176227.8,280495.1
2003,27,400711.4,233277.8,161227.7,139099.3,22128.4,71885.3
2003,41,929106.2,605399.6,420221.3,370806.9,49414.4,185292.7
2003,44,599450.6,323953.1,239762.4,205534.8,34227.7,85629.0
2003,47,1061835.5,672113.5,438158.8,381071.7,57087.1,234693.2
2003,50,793984.0,538735.0,395616.3,335398.8,60217.5,143499.3
2003,52,1509826.4,980692.1,675529.2,593928.7,81600.5,307656.8
2003,54,1230736.9,855004.2,600293.3,506675.8,93617.6,254655.8
2003,63,500876.8,348558.6,232545.0,190986.8,41558.3,115832.0
2003,66,873282.8,600778.9,410489.9,352586.8,57903.2,190349.3
2003,68,1846364.0,1271433.3,922739.5,810918.9,111820.6,349566.9
2003,70,759852.0,489594.0,315845.1,272064.1,43781.0,174189.3
2003,73,1289443.4,855636.4,643444.9,552110.3,91334.6,211684.3
2003,76,4183716.7,2905329.1,2074655.2,1764773.8,309881.4,829875.8
2003,81,198275.5,122851.8,84636.4,72367.6,12268.8,38186.5
2003,85,317881.9,187437.4,135936.9,114526.4,21410.6,51823.7
2003,86,261957.1,160201.0,105457.2,89336.9,16120.3,54893.2
2003,88,61660.0,37000.6,24048.7,21006.9,3041.9,12955.4
2003,91,58216.6,35372.5,22966.1,19347.5,3618.6,12433.8
2003,94,28929.6,18322.4,11942.0,9749.6,2192.4,6406.4
2003,95,65694.1,40095.0,26240.5,22248.8,3991.8,13879.6
2003,97,25235.4,15805.8,10288.2,8422.6,1865.6,5540.9
2003,99,75279.3,46504.6,30357.6,25296.4,5061.2,16194.3
2004,5,5432139.8,3742036.3,2470311.1,2115785.9,354525.2,1275649.0
2004,8,2072704.3,1399164.4,881182.6,768280.7,112901.9,519065.2
2004,11,6745175.1,4632652.3,2987038.1,2592480.5,394557.6,1649041.3
2004,13,1784639.5,1177028.4,742734.6,659291.1,83443.5,434173.5
2004,15,1122055.0,779806.2,530083.6,478023.4,52060.2,249661.4
2004,17,971828.2,698723.5,421397.0,368134.1,53262.9,277495.2
2004,18,377807.4,234167.0,145641.1,125558.5,20082.6,88711.2
2004,19,1279830.1,846426.4,534092.3,465291.3,68801.0,312741.4
2004,20,913203.3,591122.1,380546.9,320828.9,59718.0,211117.9
2004,23,1542038.6,989155.4,688455.3,596039.0,92416.3,301465.0
2004,25,1747431.6,1262336.4,931397.9,774668.1,156729.8,332982.4
2004,27,408853.6,241498.7,159281.4,136928.0,22353.4,83011.6
2004,41,939481.4,616401.6,417484.4,369608.3,47876.1,199607.6
2004,44,617256.1,346079.7,243071.0,208679.0,34392.0,102365.3
2004,47,1079590.0,693203.1,443065.5,386510.1,56555.4,250184.3
2004,50,808320.5,546850.9,390069.6,333634.7,56434.9,157650.8
2004,52,1517594.6,995519.6,677963.7,593868.9,84094.8,316792.8
2004,54,1248996.4,867803.2,590799.3,502942.8,87856.5,277953.4
2004,63,503372.6,353853.4,231198.7,191086.3,40112.4,123079.3
2004,66,877481.5,608971.5,408491.4,351679.7,56811.7,201162.5
2004,68,1867468.2,1290978.3,912534.0,806986.6,105547.4,379858.6
2004,70,769280.6,498295.7,314520.6,272260.6,42260.1,184279.1
2004,73,1292647.1,869485.5,634433.6,544605.3,89828.3,235437.7
2004,76,4202400.8,2929737.3,2058809.9,1759338.9,299471.1,872422.7
2004,81,202709.7,127176.3,84570.1,72272.8,12297.3,42778.4
2004,85,324109.0,193825.5,135915.4,115268.2,20647.2,58181.4
2004,86,267053.1,162937.6,105655.2,89832.2,15823.0,57577.6
2004,88,61675.5,37176.0,24002.2,20898.9,3103.3,13157.0
2004,91,59330.6,35860.6,22991.4,19443.5,3547.9,12923.4
2004,94,30075.6,18762.3,12002.7,9911.7,2091.1,6821.6
2004,95,66888.3,41179.5,26532.3,22564.0,3968.4,14618.6
2004,97,26153.2,16084.3,10312.3,8530.8,1781.5,5835.3
2004,99,77268.8,47290.7,30415.8,25512.5,4903.4,16982.1
2005,5,5460843.0,3801557.7,2529720.8,2229820.6,299900.1,1273927.0
2005,8,2114136.0,1428865.8,901901.7,800016.5,101885.2,527872.4
2005,11,6710910.0,4662513.1,3020589.7,2655233.6,365356.0,1640947.4
2005,13,1799794.0,1211086.4,765921.7,680479.9,85441.9,447330.5
2005,15,1140665.0,804626.4,538547.1,487524.5,51022.6,267992.5
2005,17,996434.0,706118.1,434024.0,383937.1,50086.9,272777.6
2005,18,379273.0,233695.1,147874.9,130417.6,17457.3,85601.5
2005,19,1281052.0,856635.4,553474.3,495693.1,57781.2,303922.8
2005,20,948747.0,617007.2,396123.9,344968.1,51155.8,222734.5
2005,23,1539313.0,999644.2,664767.1,581762.6,83004.4,334874.9
2005,25,1903495.0,1316481.4,927165.7,822483.6,104682.1,392981.4
2005,27,402709.0,246691.9,150264.5,129694.0,20570.5,96221.7
2005,41,941763.0,627564.3,420864.1,377437.8,43426.4,206924.6
2005,44,645718.0,385366.7,234912.1,202222.2,32689.9,153510.0
2005,47,1097751.0,725972.7,465932.3,408481.8,57450.5,262481.7
2005,50,793921.0,546591.8,370110.0,326707.0,43403.0,175816.3
2005,52,1510454.0,1022611.2,675805.4,593798.7,82006.7,347813.3
2005,54,1297649.0,877526.9,564947.8,497966.8,66981.0,312825.1
2005,63,511181.0,358601.1,229008.6,196764.6,32244.0,129759.8
2005,66,877974.0,617328.2,408278.6,359724.2,48554.4,208639.6
2005,68,1882375.0,1304217.8,894347.4,806640.9,87706.6,409444.7
2005,70,783535.0,503020.3,307148.3,269964.3,37184.0,195851.8
2005,73,1304216.0,894404.1,619064.3,537861.5,81202.7,276652.8
2005,76,4206951.0,2964162.0,2078338.1,1822486.6,255851.5,887059.5
2005,81,220852.0,132931.9,84820.2,73521.0,11299.2,48453.1
2005,85,325061.0,199204.3,131783.4,114786.6,16996.8,67655.5
2005,86,266274.0,163038.0,105225.4,91840.2,13385.2,57583.7
2005,88,62120.0,37729.4,24579.6,21499.3,3080.3,13201.9
2005,91,59580.0,35850.8,22969.5,19935.9,3033.6,12837.7
2005,94,30731.0,18555.5,11780.2,10194.7,1585.5,6713.8
2005,95,73296.0,43352.3,28000.1,24340.3,3659.8,15558.9
2005,97,25461.0,15594.0,9964.0,8632.0,1332.0,5542.7
2005,99,77644.0,46992.7,30109.5,26125.7,3983.8,16775.0
2006,5,5528121.0,3874418.6,2519992.0,2214475.2,305516.8,1356395.6
2006,8,2144799.0,1465747.0,913807.7,807283.8,106523.9,553901.0
2006,11,6801343.0,4727811.4,3006529.9,2635488.2,371041.6,1723813.7
2006,13,1823338.0,1233792.5,761709.3,671866.3,89843.0,473574.4
2006,15,1145225.0,816311.0,526716.9,473025.8,53691.2,289701.4
2006,17,993337.0,712208.4,430562.1,379944.9,50617.2,281389.2
2006,18,381752.0,237649.8,147052.9,129546.6,17506.3,90852.6
2006,19,1296243.0,863723.9,557183.4,500062.8,57120.6,306485.6
2006,20,963336.0,628134.5,390915.0,338385.5,52529.5,238018.3
2006,23,1559603.0,1018779.9,666749.4,576726.1,90023.3,351619.5
2006,25,1936056.0,1347613.0,925458.0,822660.3,102797.7,422889.0
2006,27,414483.0,253342.2,148003.8,126514.0,21489.7,105908.4
2006,41,953776.0,640259.3,417467.2,372154.2,45313.0,223518.7
2006,44,660570.0,400677.3,229340.0,194951.4,34388.5,172229.5
2006,47,1116037.0,739815.5,459247.3,400822.8,58424.5,281310.1
2006,50,815191.0,555264.3,371930.1,331234.9,40695.2,183820.7
2006,52,1525110.0,1051443.7,685912.2,606359.9,79552.3,368237.0
2006,54,1312357.0,891854.2,573130.1,508421.3,64708.8,319227.5
2006,63,512589.0,363306.1,225829.0,194386.7,31442.3,137816.2
2006,66,884021.0,638338.9,405235.6,357068.5,48167.1,234737.6
2006,68,1905930.0,1335314.9,880937.4,793890.0,87047.4,455425.2
2006,70,792200.0,512466.6,305839.7,267370.5,38469.2,206643.4
2006,73,1306185.0,913795.6,610883.4,527462.2,83421.2,303863.0
2006,76,4236968.0,3009624.3,2073342.7,1811453.4,261889.2,938464.3
2006,81,222063.0,135886.8,83659.2,72104.8,11554.4,52403.2
2006,85,332581.0,202508.8,130146.1,112727.5,17418.6,72511.8
2006,86,272524.0,166176.1,104676.1,91080.2,13596.0,61669.0
2006,88,62086.0,37928.6,24124.8,20949.6,3175.2,13804.7
2006,91,60784.0,36385.5,22834.5,19735.1,3099.4,13587.2
2006,94,31881.0,18994.2,11825.9,10224.0,1601.9,7202.2
2006,95,73001.0,43838.3,27512.2,23795.0,3717.3,16325.9
2006,97,26658.0,15962.3,10039.8,8686.4,1353.4,5954.0
2006,99,79978.0,47925.9,30121.3,26057.5,4063.9,17871.3
2007,5,5595180.0,3968387.0,2520052.7,2227718.5,292334.2,1454187.4
2007,8,2174988.0,1499688.5,925800.1,822082.3,103717.8,575302.3
2007,11,6884569.0,4821865.7,3028188.2,2676328.2,351860.0,1798450.0
2007,13,1845963.0,1239860.8,767017.8,682079.4,84938.4,472658.9
2007,15,1149909.0,823204.5,539237.7,490472.8,48764.9,284551.6
2007,17,990445.0,728015.7,431215.1,382441.8,48773.3,298078.2
2007,18,384137.0,242607.3,147945.0,132231.2,15713.8,94956.8
2007,19,1310940.0,876981.9,567993.6,515386.7,52606.9,309483.7
2007,20,978523.0,628371.4,374348.2,322429.6,51918.6,252900.5
2007,23,1579557.0,1064438.0,683149.6,598204.7,84944.9,384867.4
2007,25,1975124.0,1377918.2,943872.6,849537.8,94334.8,435179.9
2007,27,426077.0,259712.2,147307.0,126741.9,20565.1,112400.0
2007,41,965725.0,649517.2,409719.0,370069.7,39649.2,240048.3
2007,44,675638.0,401780.6,219708.2,185301.3,34406.9,181366.9
2007,47,1134297.0,743781.1,454748.0,403606.2,51141.9,288831.1
2007,50,836039.0,567816.5,389370.0,350377.5,38992.5,178969.7
2007,52,1538254.0,1054906.6,681366.5,614348.3,67018.1,371864.3
2007,54,1326434.0,913381.9,592049.9,533029.7,59020.2,322575.0
2007,63,513802.0,369875.2,227257.1,198125.9,29131.2,142432.5
2007,66,889400.0,651210.1,401318.2,356164.0,45154.2,250193.1
2007,68,1929120.0,1372071.6,877509.0,794093.2,83415.8,496868.4
2007,70,800848.0,534989.9,320235.7,283987.4,36248.3,216449.8
2007,73,1307950.0,923470.7,621632.7,542660.3,78972.4,302046.2
2007,76,4263327.0,3033680.7,2057138.1,1809993.5,247144.6,977048.3
2007,81,223453.0,136897.8,82196.2,71186.7,11009.5,54692.9
2007,85,340028.0,206402.2,130757.8,113902.6,16855.2,75586.3
2007,86,278737.0,170663.4,105174.4,92165.4,13009.0,65745.5
2007,88,62040.0,37938.3,23716.1,20727.5,2988.6,14213.8
2007,91,62028.0,37130.3,22863.5,19920.1,2943.4,14290.3
2007,94,33073.0,19739.1,12035.2,10484.8,1550.4,7726.7
2007,95,72829.0,43726.2,26934.2,23486.2,3448.0,16777.9
2007,97,27881.0,16701.5,10304.3,8985.7,1318.6,6424.1
2007,99,82315.0,49348.5,30430.5,26535.7,3894.8,18967.1
2008,5,5662099.0,4039207.9,2544790.6,2239765.6,305025.0,1494686.8
2008,8,2204364.0,1528750.2,932147.1,836190.4,95956.7,598736.8
2008,11,6960512.0,4905864.1,3065047.1,2712220.1,352827.0,1845090.4
2008,13,1867503.0,1251914.4,749545.3,679373.0,70172.3,503341.3
2008,15,1154747.0,830693.8,554999.5,512726.8,42272.8,276139.2
2008,17,987759.0,733570.4,430602.9,380567.6,50035.3,303171.6
2008,18,386392.0,245004.4,145642.4,129759.0,15883.4,99464.3
2008,19,1325083.0,899644.9,561676.2,503828.2,57848.0,339203.1
2008,20,994256.0,643630.8,389929.0,340879.0,49050.0,255483.0
2008,23,1599129.0,1089170.4,727450.3,635914.9,91535.4,361563.4
2008,25,2021042.0,1424722.7,999095.6,907354.3,91741.3,427557.4
2008,27,437434.0,267304.7,152825.1,131639.4,21185.7,115012.4
2008,41,977528.0,659583.4,431807.2,389585.0,42222.3,228348.1
2008,44,691093.0,410178.8,229944.9,194756.1,35188.9,180963.4
2008,47,1152422.0,752835.7,441935.5,390787.0,51148.4,311561.2
2008,50,856385.0,583330.0,403117.7,360620.7,42497.0,180547.4
2008,52,1549573.0,1086263.2,703160.3,620006.6,83153.7,384980.2
2008,54,1339682.0,929964.0,598560.7,534099.3,64461.3,332196.0
2008,63,514725.0,382362.5,239366.8,201607.1,37759.6,143832.1
2008,66,893797.0,658790.8,414350.1,361493.0,52857.1,244450.9
2008,68,1951797.0,1399074.7,934485.5,855008.2,79477.3,465320.2
2008,70,809414.0,546400.4,313961.4,281809.9,32151.5,232976.2
2008,73,1309513.0,930903.2,662708.7,566932.2,95776.5,268055.1
2008,76,4284375.0,3068407.3,2075000.1,1812329.0,262671.1,993473.9
2008,81,224996.0,137631.3,83150.9,72037.1,11113.9,54507.7
2008,85,347362.0,214899.7,139202.6,121465.3,17737.4,76207.0
2008,86,284917.0,173897.1,106360.8,92990.9,13369.9,67563.9
2008,88,61971.0,38196.8,23750.3,20750.8,2999.6,14462.1
2008,91,63291.0,38025.4,23284.6,20274.3,3010.3,14773.3
2008,94,34294.0,20596.6,12495.3,10891.3,1604.0,8141.8
2008,95,72786.0,43892.8,26919.7,23465.4,3454.3,16977.0
2008,97,29123.0,17506.8,10744.2,9364.2,1380.0,6794.6
2008,99,84653.0,50917.9,31223.0,27209.3,4013.8,19757.6
2009,5,5730377.0,4142552.3,2744814.6,2396613.7,348200.9,1404158.2
2009,8,2233274.0,1549545.3,964518.8,863147.4,101371.4,584283.6
2009,11,7031399.0,4975335.7,3209748.9,2823892.4,385856.5,1766136.6
2009,13,1888156.0,1270754.7,757863.6,682594.9,75268.7,512832.6
2009,15,1159850.0,835471.0,539374.4,487843.8,51530.6,295520.4
2009,17,985640.0,735130.0,444628.0,386396.4,58231.6,290083.3
2009,18,388552.0,246878.1,150649.1,131072.5,19576.6,96098.9
2009,19,1339006.0,917078.0,591569.7,528952.9,62616.9,325863.3
2009,20,1010507.0,654755.7,417214.9,369645.7,47569.1,237373.5
2009,23,1618376.0,1109812.7,815626.3,694069.3,121557.0,295951.3
2009,25,2074250.0,1475130.1,1061840.3,950322.0,111518.4,414673.4
2009,27,448554.0,275808.8,170996.7,148491.0,22505.7,105075.6
2009,41,989375.0,670086.3,451412.7,406316.2,45096.5,218788.2
2009,44,706943.0,423825.4,286291.9,255589.9,30701.9,138202.9
2009,47,1170386.0,767900.6,473611.3,422752.4,50858.9,294332.1
2009,50,876363.0,603016.9,433525.4,385309.0,48216.4,170621.7
2009,52,1559747.0,1109769.3,791830.7,670362.2,121468.6,318971.1
2009,54,1352231.0,941181.8,621051.2,554328.0,66723.2,320210.3
2009,63,515805.0,389804.4,247962.6,201944.8,46017.9,141862.9
2009,66,898126.0,668744.1,457930.7,378309.5,79621.3,211044.0
2009,68,1974226.0,1431209.2,1016504.0,933154.9,83349.1,416548.6
2009,70,817937.0,553244.9,332668.9,298878.2,33790.7,220453.7
2009,73,1311076.0,940694.4,671984.6,571606.7,100377.9,269414.4
2009,76,4303639.0,3118710.3,2227810.1,1916387.3,311422.8,894875.8
2009,81,226705.0,140058.9,89582.8,78282.2,11300.6,50553.2
2009,85,354621.0,222832.2,152126.4,133635.0,18491.4,71062.6
2009,86,291199.0,178980.7,114913.9,100510.5,14403.4,64364.5
2009,88,61875.0,38476.6,24649.1,21434.5,3214.5,13846.6
2009,91,64616.0,39143.5,24812.5,21524.1,3288.4,14394.8
2009,94,35534.0,21488.1,13535.9,11768.3,1767.6,7993.8
2009,95,72900.0,44289.2,28077.4,24375.1,3702.3,16245.7
2009,97,30394.0,18403.6,11676.1,10134.1,1542.0,6771.9
2009,99,86991.0,52714.3,33427.6,29013.3,4414.4,19378.9
2010,5,5800160.0,4217255.7,2831977.9,2489234.4,342743.6,1388270.2
2010,8,2261656.0,1585880.3,1020777.5,914461.8,106315.7,567052.6
2010,11,7096886.0,5077456.6,3323730.4,2932354.1,391376.4,1757223.5
2010,13,1907930.0,1294093.0,797307.7,728182.0,69125.7,497987.0
2010,15,1165204.0,846195.3,561239.0,510465.0,50774.0,286193.8
2010,17,984304.0,738179.4,443500.7,386383.8,57116.9,294842.3
2010,18,390645.0,250123.1,155211.8,135743.1,19468.7,95151.8
2010,19,1352942.0,934039.6,600560.7,535170.5,65390.2,334186.6
2010,20,1027089.0,665796.3,434148.5,381920.1,52228.4,232149.6
2010,23,1637310.0,1125829.6,815603.9,699692.0,115911.9,310473.2
2010,25,2134776.0,1545498.9,1136589.9,1019785.1,116804.9,413298.7
2010,27,459453.0,282618.3,182129.8,159853.2,22276.7,100693.3
2010,41,1001372.0,684116.3,467988.5,422196.7,45791.8,217167.5
2010,44,722913.0,439041.6,328752.8,298721.8,30031.0,111078.6
2010,47,1188000.0,786165.4,505192.5,447651.8,57540.7,282258.2
2010,50,896034.0,621679.2,446176.4,400042.6,46133.8,176457.5
2010,52,1569413.0,1123328.7,818384.3,694676.1,123708.3,305319.1
2010,54,1363889.0,954324.1,638647.4,563364.0,75283.4,316368.2
2010,63,517347.0,394991.3,257752.5,210161.4,47591.1,137638.3
2010,66,902994.0,679609.7,469566.5,383946.9,85619.5,210283.8
2010,68,1996352.0,1459525.7,1055112.8,962657.0,92455.8,405991.4
2010,70,826411.0,561095.1,348504.6,309528.5,38976.0,213008.7
2010,73,1312768.0,950633.3,693333.2,587337.2,105996.1,258152.3
2010,76,4323751.0,3148638.7,2253368.3,1946038.0,307330.3,896525.7
2010,81,228513.0,142840.7,93978.7,82465.9,11512.8,48991.9
2010,85,361824.0,230197.6,163168.7,144652.9,18515.9,67257.1
2010,86,297600.0,182676.4,120044.9,105170.7,14874.3,62765.5
2010,88,61787.0,38326.6,25007.4,21793.4,3214.0,13317.9
2010,91,65991.0,39731.2,25824.6,22446.9,3377.7,13923.0
2010,94,36793.0,22105.4,14314.2,12463.5,1850.8,7813.1
2010,95,73194.0,44133.6,28666.5,24919.1,3747.4,15446.6
2010,97,31677.0,19060.7,12402.4,10781.8,1620.5,6682.8
2010,99,89314.0,53851.1,35072.5,30505.3,4567.2,18821.3
2011,5,5869191.0,4281204.2,2859992.3,2557314.7,302677.6,1422671.9
2011,8,2288947.0,1630323.2,1058332.1,956988.8,101343.3,574225.2
2011,11,7152656.0,5212464.5,3437341.5,3065377.3,371964.1,1784442.0
2011,13,1926597.0,1321223.1,856337.5,787926.0,68411.6,466788.1
2011,15,1170640.0,853496.1,564390.5,520272.3,44118.2,288975.2
2011,17,983498.0,741691.7,439899.6,389562.2,50337.4,301891.9
2011,18,392611.0,252578.0,156326.6,139399.6,16927.0,96321.8
2011,19,1366758.0,951313.8,611390.6,544062.6,67328.0,340494.4
2011,20,1043754.0,680567.1,434558.9,388570.2,45988.8,246667.2
2011,23,1655818.0,1146004.6,837328.4,731806.3,105522.1,309732.8
2011,25,2202092.0,1606436.6,1207621.5,1092560.4,115061.0,400593.6
2011,27,470087.0,291296.5,194001.9,172386.5,21615.4,97804.4
2011,41,1013418.0,694476.0,472171.5,433186.5,38985.0,222633.3
2011,44,738743.0,453842.7,355557.2,324531.7,31025.5,99048.7
2011,47,1204977.0,797255.3,511403.4,461792.1,49611.3,286076.6
2011,50,915277.0,637489.7,458551.2,414876.4,43674.7,179392.1
2011,52,1578559.0,1141136.6,863613.7,743963.7,119649.9,278419.8
2011,54,1374254.0,965068.7,659662.7,582595.5,77067.2,305632.5
2011,63,519089.0,397642.7,261890.4,217510.3,44380.1,135613.4
2011,66,907896.0,690522.0,474854.6,395936.4,78918.2,216540.9
2011,68,2017680.0,1480856.1,1070053.1,986627.3,83425.8,411364.0
2011,70,834736.0,568477.0,362695.1,327018.0,35677.1,206007.1
2011,73,1314479.0,950888.0,713819.8,601402.2,112417.6,236377.5
2011,76,4343131.0,3156869.7,2198742.1,1899166.9,299575.2,957156.0
2011,81,230349.0,145085.3,95168.7,84032.9,11135.9,50059.0
2011,85,368912.0,239431.3,173303.2,155236.5,18066.6,66765.1
2011,86,303929.0,185462.2,123003.8,108780.1,14223.8,62573.3
2011,88,61711.0,37918.5,25001.2,21994.5,3006.7,12889.1
2011,91,67361.0,40195.7,26449.9,23228.7,3221.2,13763.7
2011,94,38072.0,22681.8,14873.8,13075.7,1798.1,7830.8
2011,95,73652.0,44003.3,28943.5,25419.7,3523.8,15051.5
2011,97,32940.0,19649.8,12943.6,11368.4,1575.2,6730.2
2011,99,91602.0,54750.3,36109.8,31731.9,4377.9,18672.5
2012,5,5935916.0,4379824.9,2970018.4,2647580.1,322438.3,1414142.1
2012,8,2315361.0,1661617.1,1079646.1,984387.4,95258.7,584356.4
2012,11,7195980.0,5275681.9,3501749.7,3133405.6,368344.1,1775603.8
2012,13,1944299.0,1338652.4,898487.4,831922.7,66564.8,440440.0
2012,15,1176069.0,863692.3,582896.1,538666.9,44229.2,281861.5
2012,17,982904.0,747439.0,447585.1,401951.9,45633.3,300304.9
2012,18,394379.0,255202.3,157636.7,141639.0,15997.8,97711.2
2012,19,1380257.0,968709.5,627952.3,555222.5,72729.7,341277.6
2012,20,1060658.0,696504.2,451248.6,407424.6,43824.0,245995.2
2012,23,1673891.0,1167706.7,842776.8,745881.6,96895.2,326104.0
2012,25,2276097.0,1673776.8,1251619.0,1134391.5,117227.5,424767.9
2012,27,480391.0,299054.9,192426.1,171946.5,20479.7,106853.1
2012,41,1025384.0,705322.7,482490.5,440385.5,42105.0,223037.2
2012,44,754574.0,466456.3,385709.0,354719.9,30989.1,81273.0
2012,47,1221419.0,812646.9,534527.6,491149.5,43378.1,279028.8
2012,50,933966.0,656022.4,467158.1,418537.2,48620.9,189458.7
2012,52,1586945.0,1159683.4,879193.4,767804.2,111389.2,281377.3
2012,54,1383705.0,977514.3,673686.5,590635.8,83050.7,303971.5
2012,63,520697.0,402222.2,267367.3,225920.3,41447.0,135392.7
2012,66,912087.0,694029.4,478578.4,407438.3,71140.1,215396.5
2012,68,2038122.0,1507844.9,1093972.8,1006180.4,87792.4,415188.3
2012,70,842950.0,579501.1,390212.3,354311.2,35901.1,189932.9
2012,73,1316054.0,959658.7,699953.5,613967.9,85985.6,260768.8
2012,76,4359288.0,3175735.2,2214944.7,1916948.4,297996.3,961046.0
2012,81,232316.0,146053.2,94434.4,83358.4,11075.9,51570.8
2012,85,375872.0,245624.7,179534.8,162145.1,17389.7,66053.4
2012,86,310027.0,188944.8,125249.0,110735.9,14513.1,63720.6
2012,88,61633.0,37682.6,24868.6,21890.0,2978.6,12799.4
2012,91,68681.0,40771.9,26808.4,23528.9,3279.5,13977.1
2012,94,39354.0,23325.6,15263.0,13396.1,1866.9,8082.4
2012,95,74281.0,44143.7,29016.2,25468.8,3547.4,15118.9
2012,97,34165.0,20276.3,13344.3,11713.2,1631.1,6952.7
2012,99,93849.0,55817.5,36779.5,32299.5,4480.1,19069.3
2013,5,6001151.0,4481799.4,3022948.5,2713306.1,309642.5,1460533.1
2013,8,2341335.0,1671725.4,1077078.7,994301.0,82777.7,592530.8
2013,11,7228427.0,5319517.9,3502410.7,3146574.7,355835.9,1813474.6
2013,13,1961250.0,1362438.9,905478.3,847036.2,58442.1,457501.8
2013,15,1181580.0,867368.4,587314.0,543273.8,44040.2,278761.1
2013,17,982563.0,754017.3,447453.9,405335.7,42118.3,306166.0
2013,18,395947.0,258422.1,155464.1,141593.7,13870.4,102863.6
2013,19,1393465.0,989435.8,632377.4,561824.4,70553.0,357235.9
2013,20,1078033.0,713731.8,450177.4,410154.4,40022.9,263583.1
2013,23,1691609.0,1185685.2,820160.8,748950.2,71210.6,365689.9
2013,25,2357339.0,1751133.3,1291400.0,1180641.1,110758.9,461635.5
2013,27,490338.0,307340.9,194185.6,173168.3,21017.3,113220.4
2013,41,1037252.0,720006.8,485275.6,441379.8,43895.7,234844.3
2013,44,770616.0,480241.8,387743.3,360750.1,26993.3,92510.9
2013,47,1237543.0,830041.5,537363.8,496596.9,40766.9,292722.5
2013,50,952101.0,675655.2,477059.1,430479.3,46579.8,199293.4
2013,52,1594354.0,1175980.5,887528.9,791390.7,96138.3,288755.6
2013,54,1392708.0,995501.1,687010.5,601213.5,85797.0,308762.3
2013,63,522157.0,405283.8,267322.1,228936.1,38386.0,137374.6
2013,66,915413.0,700815.7,460726.7,401104.4,59622.3,240009.5
2013,68,2057952.0,1528136.4,1087055.3,1002444.0,84611.3,440623.7
2013,70,851157.0,590430.5,397307.1,361243.2,36063.9,193043.5
2013,73,1317507.0,970566.9,685792.0,616813.3,68978.7,284583.7
2013,76,4371304.0,3211657.1,2203492.7,1913347.6,290145.1,1007475.0
2013,81,234529.0,148131.1,94077.8,83040.8,11037.0,54030.8
2013,85,382735.0,256212.4,185963.4,168760.0,17203.3,70535.6
2013,86,315941.0,194421.7,128256.2,113709.5,14546.7,66413.8
2013,88,61543.0,37703.2,24513.3,21647.7,2865.7,13154.0
2013,91,69953.0,41553.5,26897.6,23678.0,3219.7,14655.6
2013,94,40638.0,24120.6,15518.3,13657.3,1861.0,8614.8
2013,95,75092.0,44647.9,28893.6,25437.3,3456.2,15738.2
2013,97,35353.0,20993.1,13600.7,11974.1,1626.6,7405.8
2013,99,96057.0,57145.9,37064.2,32644.5,4419.7,20097.1
2014,5,6066806.0,4583796.8,3060980.5,2764004.8,296975.7,1528923.2
2014,8,2366899.0,1703886.3,1107486.5,1023056.4,84430.1,599320.4
2014,11,7252949.0,5402111.1,3548839.0,3201301.7,347537.4,1863074.2
2014,13,1977478.0,1386897.1,923976.3,866252.6,57723.8,464474.4
2014,15,1187249.0,883764.0,605379.7,562272.2,43107.5,280212.7
2014,17,982933.0,762446.6,468920.6,427159.9,41760.7,294423.3
2014,18,397383.0,263075.5,162722.2,149476.6,13245.6,100770.0
2014,19,1406735.0,1012879.8,660250.6,590410.2,69840.4,354434.7
2014,20,1095719.0,733518.1,460416.5,416684.3,43732.2,274311.5
2014,23,1709003.0,1211182.6,836766.9,781345.4,55421.5,376674.5
2014,25,2446138.0,1845900.5,1370378.0,1254011.6,116366.4,480968.5
2014,27,499946.0,315153.2,183106.4,161956.7,21149.6,132418.8
2014,41,1049215.0,735339.0,475282.9,434544.5,40738.4,261136.8
2014,44,786618.0,502316.4,407137.6,379271.4,27866.1,97203.5
2014,47,1253211.0,849970.2,557105.0,519382.7,37722.3,294312.8
2014,50,969808.0,692374.7,492001.9,443771.2,48230.7,201094.8
2014,52,1601466.0,1195169.0,900779.6,810292.3,90487.3,296248.2
2014,54,1401015.0,1011675.2,689094.8,608005.4,81089.4,323897.6
2014,63,523970.0,414397.6,275151.1,237794.9,37356.1,140340.7
2014,66,918965.0,711274.0,470416.0,414150.8,56265.2,241885.5
2014,68,2077348.0,1554809.3,1077517.6,995163.6,82354.0,478984.4
2014,70,859324.0,603244.3,406943.0,373475.3,33467.7,197385.9
2014,73,1319060.0,983211.3,692435.1,623159.8,69275.3,291980.2
2014,76,4383018.0,3255900.1,2198734.7,1931586.2,267148.5,1062048.5
2014,81,236931.0,150491.1,94445.4,83434.3,11011.1,56236.8
2014,85,389511.0,270480.9,199813.5,182341.7,17471.8,71754.7
2014,86,321850.0,197626.7,128386.0,113591.9,14794.1,69334.6
2014,88,61463.0,37967.5,24517.2,21682.5,2834.7,13495.5
2014,91,71215.0,42490.4,27386.4,24165.2,3221.3,15165.4
2014,94,41946.0,25023.0,16000.0,14131.0,1869.0,9077.6
2014,95,76101.0,45438.6,29283.7,25841.9,3441.8,16209.8
2014,97,36509.0,21775.8,14045.5,12394.2,1651.3,7774.8
2014,99,98228.0,58569.1,37723.6,33281.8,4441.8,20925.8
2015,5,6134953.0,4683940.3,3081933.5,2778234.2,303699.3,1607333.7
2015,8,2393557.0,1735646.0,1144299.4,1054857.8,89441.6,592425.8
2015,11,7273265.0,5430033.8,3550425.7,3205409.1,345016.6,1878265.6
2015,13,1993760.0,1407436.4,940100.6,878568.8,61531.8,468347.0
2015,15,1193206.0,896424.0,626857.3,587578.6,39278.7,270248.1
2015,17,984360.0,770632.3,475415.7,435855.0,39560.8,295610.0
2015,18,398725.0,267067.3,168726.5,155338.2,13388.2,98528.9
2015,19,1420313.0,1032163.0,680160.4,613611.9,66548.5,352995.8
2015,20,1114269.0,752624.2,474609.5,430064.1,44545.3,278727.9
2015,23,1726287.0,1233280.4,877568.2,823848.6,53719.6,356628.6
2015,25,2543338.0,1935475.4,1412917.1,1297224.6,115692.4,526016.1
2015,27,509240.0,324143.9,198196.1,177338.2,20857.9,126503.1
2015,41,1061405.0,748003.0,485677.6,445628.2,40049.4,262896.2
2015,44,803092.0,511287.4,421520.7,392756.2,28764.4,89528.9
2015,47,1268980.0,867971.7,570905.4,530992.5,39912.9,297711.8
2015,50,987232.0,712468.1,509619.7,458400.7,51218.9,203881.4
2015,52,1608726.0,1204018.7,917236.8,838273.2,78963.6,288173.7
2015,54,1409900.0,1025158.1,692178.7,610813.2,81365.4,333282.3
2015,63,526484.0,419639.4,274635.5,239458.8,35176.8,144951.5
2015,66,923443.0,720041.5,476336.7,425242.7,51094.0,244151.2
2015,68,2097069.0,1586350.5,1094732.5,1010519.7,84212.8,493146.6
2015,70,867701.0,613045.4,406709.3,373124.7,33584.6,206534.3
2015,73,1320911.0,991470.8,698339.8,623459.5,74880.3,293124.8
2015,76,4397194.0,3285389.0,2208727.3,1952470.7,256256.5,1077120.1
2015,81,239772.0,153171.8,96639.7,85597.5,11042.2,56496.9
2015,85,396320.0,275764.5,201410.4,182578.3,18832.1,74627.0
2015,86,327856.0,202720.6,131675.5,116902.2,14773.4,71148.3
2015,88,61406.0,38144.3,24650.4,21867.9,2782.5,13476.1
2015,91,72485.0,43610.0,28232.5,24974.7,3257.8,15401.6
2015,94,43291.0,25977.8,16720.8,14803.1,1917.6,9277.3
2015,95,77328.0,46532.6,30118.3,26643.3,3475.0,16433.0
2015,97,37638.0,22629.1,14656.8,12965.9,1690.9,7996.2
2015,99,100392.0,60377.1,39091.2,34579.9,4511.3,21334.3
2016,5,6211312.0,4759620.0,3053539.3,2736986.0,316553.3,1707189.7
2016,8,2427046.0,1770205.2,1157917.6,1068392.8,89524.7,614132.1
2016,11,7300918.0,5474045.4,3559809.1,3207678.2,352130.9,1917694.2
2016,13,2013010.0,1429350.6,943645.4,883100.6,60544.7,486703.6
2016,15,1199978.0,903739.8,605464.6,563822.4,41642.2,298268.5
2016,17,987214.0,777663.9,472650.8,429287.2,43363.6,305292.3
2016,18,399983.0,270816.7,177801.8,163501.7,14300.1,93269.0
2016,19,1434395.0,1051554.9,692373.4,634784.4,57589.1,360321.5
2016,20,1136299.0,772032.3,486735.8,430670.8,56065.1,285836.5
2016,23,1744254.0,1250706.2,883432.6,806951.1,76481.6,367765.9
2016,25,2652076.0,2028388.5,1442872.7,1318251.6,124621.1,588961.8
2016,27,518234.0,332805.7,215388.1,194025.3,21362.8,117873.5
2016,41,1073916.0,760015.6,480940.2,437756.7,43183.5,279418.5
2016,44,822700.0,525610.5,439948.5,406549.8,33398.7,86466.0
2016,47,1287462.0,887194.7,585102.2,538932.7,46169.5,302961.1
2016,50,1004633.0,730960.0,517475.2,461376.1,56099.1,214066.6
2016,52,1615767.0,1202553.9,921267.8,850435.4,70832.4,279888.8
2016,54,1424761.0,1042567.0,707745.1,622643.4,85101.7,335562.1
2016,63,529891.0,424914.8,278939.5,239798.9,39140.6,146229.6
2016,66,929046.0,728939.4,479713.4,432972.6,46740.8,249894.8
2016,68,2119954.0,1617263.1,1102315.7,1016055.5,86260.2,516378.4
2016,70,877397.0,624960.0,424115.5,385825.0,38290.5,201456.2
2016,73,1323323.0,1001718.9,697662.7,620510.3,77152.4,304678.8
2016,76,4414569.0,3318888.0,2206666.3,1941824.3,264842.0,1114017.5
2016,81,244206.0,158857.6,101415.0,89674.9,11740.1,57866.5
2016,85,403554.0,275307.3,197923.8,178288.9,19634.9,76952.1
2016,86,334152.0,211536.7,140989.4,125316.2,15673.1,71200.0
2016,88,61358.0,38743.9,25752.2,22888.7,2863.5,13054.7
2016,91,73790.0,45226.9,30153.9,26719.4,3434.5,15185.5
2016,94,44722.0,27338.5,18137.7,16081.7,2055.9,9283.4
2016,95,78796.0,48300.3,32201.6,28534.0,3667.6,16216.8
2016,97,38737.0,23736.4,15832.9,14029.7,1803.2,7972.9
2016,99,102663.0,62919.0,41954.7,37176.5,4778.1,21128.4
2017,5,6296843.0,4851095.3,3095761.4,2747231.1,348530.4,1759259.8
2017,8,2468429.0,1807345.4,1171873.6,1082933.9,88939.6,635968.8
2017,11,7337449.0,5513249.2,3559034.5,3201743.6,357290.9,1954382.2
2017,13,2035711.0,1453048.7,952212.3,894142.8,58069.5,501592.5
2017,15,1207665.0,912909.0,605668.5,560012.5,45656.1,307518.7
2017,17,991363.0,784491.9,475332.6,430972.8,44359.8,309325.9
2017,18,401099.0,272870.2,175713.7,160449.4,15264.3,97145.2
2017,19,1448837.0,1069441.1,702813.2,645094.2,57719.0,367246.2
2017,20,1162415.0,796251.5,511629.8,452123.8,59506.0,285590.3
2017,23,1763053.0,1265040.9,889668.7,816811.4,72857.3,375916.2
2017,25,2773285.0,2131406.0,1496701.9,1362286.8,134415.1,638420.5
2017,27,526888.0,341012.0,221645.6,201290.0,20355.5,119770.5
2017,41,1086654.0,772335.5,475315.0,427890.6,47424.3,297448.2
2017,44,846012.0,545816.0,469393.7,443837.1,25556.7,77391.7
2017,47,1309259.0,907323.9,592840.0,549609.0,43230.9,315260.6
2017,50,1021943.0,747633.1,536624.6,471278.7,65345.8,211670.6
2017,52,1621984.0,1227542.1,950431.8,888534.8,61897.0,279734.2
2017,54,1446748.0,1064411.3,719217.1,631253.6,87963.5,345767.7
2017,63,533966.0,430717.5,278935.5,238989.2,39946.3,152030.0
2017,66,935164.0,735959.3,482454.1,441517.0,40937.2,253827.8
2017,68,2146496.0,1645398.6,1095525.0,1008340.9,87184.1,550273.0
2017,70,888638.0,637298.8,432868.0,393931.0,38937.0,204907.4
2017,73,1326203.0,1010703.0,684009.4,607735.2,76274.3,326816.6
2017,76,4432549.0,3345765.5,2194656.8,1919042.0,275614.9,1151701.8
2017,81,250502.0,162922.6,102492.6,90427.9,12064.7,60400.3
2017,85,411255.0,282465.1,203999.6,183293.5,20706.1,78888.8
2017,86,340750.0,216660.8,144423.0,128260.2,16162.8,72256.3
2017,88,61309.0,38934.4,25838.0,22926.3,2911.8,13085.7
2017,91,75104.0,46332.5,30855.0,27299.8,3555.2,15496.6
2017,94,46250.0,28513.4,18918.6,16737.4,2181.3,9626.1
2017,95,80507.0,49681.1,33091.1,29285.7,3805.4,16616.9
2017,97,39811.0,24532.5,16349.1,14465.6,1883.5,8206.5
2017,99,105059.0,64816.2,43182.2,38209.9,4972.3,21675.5
2018,5,6407102.0,4956320.2,3105970.8,2742307.8,363663.0,1853837.7
2018,8,2535517.0,1868520.0,1201014.5,1108764.8,92249.7,670095.9
2018,11,7412566.0,5593814.7,3575347.3,3213413.0,361934.3,2019270.9
2018,13,2070110.0,1486071.7,976702.1,923229.4,53472.8,510928.4
2018,15,1217376.0,923810.4,609844.8,562939.2,46905.6,314573.6
2018,17,998255.0,793811.8,483034.9,433806.3,49228.6,311266.5
2018,18,401849.0,275532.1,175495.2,158649.6,16845.7,100074.1
2018,19,1464488.0,1086618.0,713457.9,648907.0,64550.9,373940.1
2018,20,1200574.0,826623.2,506923.8,446897.7,60026.1,320654.0
2018,23,1784783.0,1288225.5,921074.6,848800.5,72274.1,368007.2
2018,25,2919060.0,2248748.8,1558886.7,1398121.9,160764.8,694003.9
2018,27,534826.0,347477.0,219839.3,199967.1,19872.2,128044.1
2018,41,1100386.0,783618.3,465781.6,416795.6,48986.0,318431.0
2018,44,880560.0,573661.3,498007.4,478334.6,19672.8,76673.9
2018,47,1341746.0,931975.8,609411.0,560111.3,49299.7,322971.6
2018,50,1039722.0,764505.4,536755.8,472370.8,64385.0,228629.2
2018,52,1630592.0,1234515.6,915797.3,861148.8,54648.5,319315.9
2018,54,1491689.0,1099109.5,723377.7,629778.3,93599.4,376500.0
2018,63,539904.0,436795.8,279770.3,237747.0,42023.4,157229.1
2018,66,943401.0,743854.2,479204.4,439502.9,39701.6,265016.4
2018,68,2184837.0,1683637.5,1109043.2,1009769.2,99274.0,576457.0
2018,70,904863.0,652458.6,450263.9,409520.7,40743.2,202626.7
2018,73,1330187.0,1020100.3,675865.3,588098.6,87766.7,344362.6
2018,76,4475886.0,3381039.7,2197751.2,1916810.3,280940.9,1184986.2
2018,81,262174.0,171181.9,105903.1,94096.0,11807.2,65516.8
2018,85,420504.0,291968.5,210269.4,187743.8,22525.6,82055.3
2018,86,348182.0,222754.9,147500.3,131046.2,16454.1,75700.8
2018,88,61280.0,39259.7,25959.1,23045.1,2913.9,13316.8
2018,91,76589.0,47508.8,31574.0,27951.2,3622.7,16021.8
2018,94,48114.0,29768.5,19712.9,17453.8,2259.1,10135.8
2018,95,82767.0,51291.0,34084.0,30230.3,3853.7,17309.6
2018,97,40797.0,25399.8,16875.8,14941.9,1933.9,8557.6
2018,99,107808.0,66917.3,44488.8,39388.9,5099.9,22560.2
2019,5,6550206.0,5085515.5,3170054.2,2778646.0,391408.2,1920471.4
2019,8,2638151.0,1950792.2,1246187.1,1149262.3,96924.8,709084.2
2019,11,7592871.0,5754650.5,3690437.1,3311504.9,378932.2,2077387.5
2019,13,2130512.0,1532361.4,1006016.8,953891.9,52125.0,528753.6
2019,15,1230910.0,933752.3,586517.7,536246.0,50271.7,347316.8
2019,17,1008344.0,802182.8,487535.3,431839.1,55696.2,314539.0
2019,18,406142.0,279553.7,176144.7,154942.4,21202.3,103425.9
2019,19,1478407.0,1102022.5,700227.5,626627.4,73600.1,402240.8
2019,20,1252398.0,864921.1,529808.4,460034.6,69773.9,336712.5
2019,23,1808439.0,1314386.1,933133.5,836896.2,96237.2,382786.1
2019,25,3085522.0,2376742.0,1619434.7,1419446.3,199988.4,763161.0
2019,27,539933.0,350672.1,205018.0,183480.8,21537.2,145142.5
2019,41,1111844.0,794430.0,465919.7,418962.7,46957.0,328582.1
2019,44,927506.0,604728.0,506013.6,480733.5,25280.2,101670.7
2019,47,1388832.0,972631.6,622564.2,566896.9,55667.2,352017.6
2019,50,1052125.0,777063.6,524007.0,456476.7,67530.4,253381.6
2019,52,1628981.0,1224683.2,884701.4,823083.9,61617.5,339013.4
2019,54,1565362.0,1150671.4,748195.4,642774.6,105420.8,404789.9
2019,63,547855.0,442227.1,277680.0,232671.7,45008.2,164559.0
2019,66,952511.0,753952.4,477452.4,437373.0,40079.4,276675.9
2019,68,2237587.0,1719275.9,1101727.3,982801.8,118925.4,618127.4
2019,70,928984.0,672810.9,459673.6,410318.6,49355.0,214148.2
2019,73,1335313.0,1026945.3,650150.3,545547.0,104603.3,376446.4
2019,76,4506768.0,3415991.1,2196197.8,1895970.5,300227.3,1220387.1
2019,81,280109.0,183425.1,109562.4,97363.8,12198.6,74810.2
2019,85,428563.0,302205.8,211939.6,187888.1,24051.5,90641.6
2019,86,353759.0,227067.9,149066.2,132189.7,16876.5,78234.1
2019,88,62482.0,39621.3,26316.7,23312.4,3004.2,13391.8
2019,91,77753.0,48214.6,31983.6,28211.6,3772.0,16267.1
2019,94,49473.0,30643.0,20274.0,17889.5,2384.5,10406.7
2019,95,84716.0,52623.1,34982.8,30939.6,4043.2,17704.5
2019,97,42721.0,26306.1,17501.6,15437.0,2064.6,8896.7
2019,99,110599.0,68550.5,45507.7,40145.2,5362.5,23131.4
2020,5,6649401.0,5224424.7,3101463.2,2525007.2,576456.0,2131882.4
2020,8,2693665.0,2016108.6,1183099.8,1032871.3,150228.4,834978.2
2020,11,7732161.0,5846480.4,3561908.1,3020678.5,541229.6,2283319.3
2020,13,2169294.0,1573042.5,967464.9,859496.5,107968.4,606741.2
2020,15,1257289.0,944584.8,518443.8,450937.7,67506.1,426520.3
2020,17,1021435.0,813564.2,475700.9,392215.7,83485.2,339048.5
2020,18,413688.0,285430.3,174517.9,141286.5,33231.4,111360.8
2020,19,1508061.0,1118473.2,663048.4,560342.5,102705.9,456305.8
2020,20,1290919.0,901833.1,495311.4,408903.1,86408.3,408407.7
2020,23,1842585.0,1328538.6,865673.9,732493.5,133180.4,463662.9
2020,25,3147954.0,2500187.4,1647408.8,1332974.6,314434.3,858416.1
2020,27,562387.0,359718.4,173557.3,151755.2,21802.1,186988.1
2020,41,1136911.0,808857.5,442775.9,366754.6,76021.3,367043.3
2020,44,964067.0,609690.7,431062.6,394275.1,36787.5,176580.8
2020,47,1426023.0,1009557.9,579212.5,502579.8,76632.7,432446.0
2020,50,1082032.0,788603.8,491770.7,390079.2,101691.5,297773.3
2020,52,1665454.0,1233294.7,870384.0,793073.9,77310.1,364380.2
2020,54,1617209.0,1198986.9,738173.6,584953.1,153220.4,464230.9
2020,63,553321.0,450101.7,255796.7,196285.4,59511.3,194926.7
2020,66,962779.0,765754.8,446911.1,375855.8,71055.2,319610.5
2020,68,2282208.0,1760385.6,1033173.3,853690.0,179483.2,729596.4
2020,70,950612.0,689351.6,429457.6,363795.0,65662.7,260911.3
2020,73,1354338.0,1040109.4,588748.4,466337.7,122410.6,452650.1
2020,76,4582377.0,3465884.5,2073505.2,1626146.6,447358.6,1395012.3
2020,81,291252.0,187156.9,102104.4,88814.8,13289.6,84972.5
2020,85,443532.0,313822.1,198391.6,168768.2,29623.3,116351.8
2020,86,364883.0,229464.5,142331.3,123219.5,19111.9,87253.9
2020,88,61898.0,38754.4,24532.3,21143.8,3388.4,14141.7
2020,91,80472.0,48658.2,30721.3,26330.5,4390.8,17963.7
2020,94,52006.0,31334.1,19723.0,16900.9,2822.2,11648.9
2020,95,89050.0,53768.5,34002.8,29267.6,4735.2,19825.2
2020,97,43188.0,26261.9,16548.5,14179.7,2368.8,9674.8
2020,99,115196.0,69666.2,44005.7,37719.4,6286.3,25717.6
2021,5,6726219.0,5305349.6,3205084.1,2747206.8,457877.3,2102518.6
2021,8,2741002.0,2067761.9,1295647.7,1111596.6,184051.1,774199.9
2021,11,7823334.0,5982935.9,3740631.1,3270367.4,470263.7,2253198.5
2021,13,2202773.0,1608777.0,1039119.6,906627.5,132492.1,571020.6
2021,15,1271639.0,952700.2,530859.6,465942.4,64917.2,422331.3
2021,17,1028635.0,818082.9,471675.1,410929.2,60745.9,346538.1
2021,18,418267.0,289538.3,172975.8,148805.3,24170.6,116742.2
2021,19,1525284.0,1129895.8,711403.2,619172.3,92230.9,418840.4
2021,20,1322378.0,924333.0,543333.2,452774.3,90558.8,382147.8
2021,23,1864336.0,1341860.4,833474.6,737028.9,96445.7,508223.6
2021,25,3233689.0,2602001.2,1746073.0,1443889.4,302183.6,858302.7
2021,27,573848.0,364326.4,159145.0,139024.6,20120.4,205494.7
2021,41,1151211.0,816214.1,455703.5,397946.3,57757.2,361263.4
2021,44,993081.0,648137.4,469103.2,440767.0,28336.2,181560.1
2021,47,1454154.0,1028333.5,619800.9,547798.4,72002.5,409327.3
2021,50,1098104.0,791554.9,490645.7,410926.0,79719.7,300383.4
2021,52,1678786.0,1247447.2,909618.7,840956.3,68662.4,336966.4
2021,54,1654341.0,1217212.0,750087.1,633367.2,116719.9,467694.7
2021,63,557099.0,454443.0,257490.4,215871.5,41618.9,197387.6
2021,66,968287.0,770527.8,446396.7,384097.6,62299.1,324155.3
2021,68,2312097.0,1786636.6,1058454.8,912847.9,145606.9,729652.6
2021,70,966893.0,701291.4,428189.3,377691.3,50498.0,273310.2
2021,73,1361931.0,1041877.6,577898.3,477068.4,100829.9,464138.0
2021,76,4613764.0,3496342.1,2120491.0,1752966.9,367524.1,1377583.4
2021,81,300637.0,190791.2,103760.1,91432.0,12328.2,87450.3
2021,85,452098.0,318538.7,199276.2,175733.5,23542.8,119197.6
2021,86,371213.0,233311.6,145377.8,127873.1,17504.7,87997.5
2021,88,62159.0,38487.4,24416.4,21400.8,3015.5,14045.9
2021,91,82171.0,49406.3,31269.1,27261.1,4008.0,18143.1
2021,94,53583.0,32147.7,20268.9,17691.2,2577.7,11899.7
2021,95,91717.0,55248.5,35058.1,30704.9,4353.3,20214.9
2021,97,44378.0,26676.1,16889.9,14725.5,2164.5,9800.4
2021,99,118270.0,71116.9,45035.7,39267.2,5768.5,26103.7
2022,5,6787846.0,5421556.8,3454110.3,3102562.1,351548.2,1974778.3
2022,8,2774958.0,2100051.3,1385843.0,1235064.9,150778.1,716541.7
2022,11,7873316.0,6052018.9,3878009.4,3477200.3,400809.0,2174008.7
2022,13,2227184.0,1624015.3,1057679.1,949864.5,107814.6,566295.2
2022,15,1285035.0,962725.0,585830.9,523632.1,62198.8,377360.6
2022,17,1034151.0,828182.9,486871.8,434113.6,52758.2,341766.8
2022,18,421797.0,293604.7,178421.1,153269.1,25152.0,115060.0
2022,19,1541265.0,1145184.8,755358.8,687090.8,68268.1,390608.3
2022,20,1349162.0,943619.6,567635.1,480133.7,87501.4,376752.3
2022,23,1882211.0,1356567.9,849962.0,749009.3,100952.8,506340.9
2022,25,3334637.0,2692841.0,1842909.7,1604827.2,238082.4,855425.3
2022,27,584521.0,371973.7,168224.3,143879.7,24344.6,204006.4
2022,41,1164463.0,826134.9,489445.6,447442.3,42003.4,337130.7
2022,44,1017121.0,667995.0,456547.8,415540.2,41007.6,211192.1
2022,47,1476366.0,1042294.5,646872.4,577232.1,69640.3,395575.6
2022,50,1113810.0,804899.9,518276.1,458568.7,59707.4,287846.1
2022,52,1689002.0,1241860.0,893537.2,827793.2,65744.1,347130.8
2022,54,1678975.0,1229884.4,757440.4,659128.7,98311.7,473216.7
2022,63,559810.0,461423.1,268532.4,232568.3,35964.2,193123.4
2022,66,970138.0,778574.9,461473.5,413001.1,48472.4,317527.7
2022,68,2335238.0,1804214.4,1142396.1,1012507.1,129888.9,662395.8
2022,70,980942.0,714800.6,432879.6,386246.9,46632.7,282616.9
2022,73,1367802.0,1048091.3,611548.0,517663.4,93884.5,437046.9
2022,76,4626064.0,3529485.4,2287051.1,1983458.3,303592.7,1244211.9
2022,81,307628.0,193823.2,105824.6,92369.9,13454.7,87889.8
2022,85,459973.0,322006.1,203117.7,179812.8,23304.9,118858.0
2022,86,377095.0,237150.9,150538.4,132893.2,17645.1,86838.0
2022,88,62255.0,38585.4,24617.9,21663.2,2954.7,13979.6
2022,91,83690.0,50157.3,31869.9,27876.6,3993.3,18322.4
2022,94,55091.0,32896.8,20817.0,18216.7,2600.4,12107.3
2022,95,94625.0,56912.5,36346.3,31970.2,4376.1,20642.2
2022,97,45579.0,27326.4,17371.4,15195.1,2176.2,9981.1
2022,99,120942.0,72587.6,46178.4,40406.8,5771.7,26481.8
2023,5,6848360.0,5529111.5,3601715.9,3271384.9,330331.0,1930942.9
2023,8,2803565.0,2121739.5,1384858.5,1254441.1,130417.4,736509.7
2023,11,7907281.0,6103944.0,3929088.6,3550376.2,378712.3,2179042.1
2023,13,2247283.0,1650524.6,1075927.9,979814.5,96113.4,576351.3
2023,15,1298800.0,970100.8,590437.3,532996.5,57440.7,379806.9
2023,17,1040284.0,836655.9,493080.0,445073.8,48006.2,343740.4
2023,18,425053.0,299957.1,183932.2,157107.2,26824.9,116351.4
2023,19,1558045.0,1164559.4,792214.7,724939.3,67275.4,373646.1
2023,20,1373581.0,960494.6,583933.9,511999.7,71934.2,377419.0
2023,23,1898911.0,1385815.3,887727.5,799606.9,88120.5,499864.2
2023,25,3445327.0,2780562.0,1891315.8,1686053.2,205262.6,892759.3
2023,27,595138.0,375258.4,158940.0,130890.4,28049.6,215827.4
2023,41,1178453.0,838734.8,505029.5,463460.0,41569.5,333458.5
2023,44,1038397.0,677612.1,431548.9,373011.5,58537.4,246290.3
2023,47,1496163.0,1060759.3,663682.5,603445.0,60237.6,398278.3
2023,50,1130085.0,815590.8,530162.2,475837.0,54325.2,285798.5
2023,52,1699570.0,1256174.1,967637.6,901623.5,66014.1,290281.1
2023,54,1696740.0,1236467.8,750523.8,663116.2,87407.5,485709.6
2023,63,563076.0,466753.5,267238.4,231430.5,35808.0,199539.4
2023,66,972304.0,786617.9,470310.7,428474.2,41836.4,316989.3
2023,68,2357127.0,1821228.3,1182043.3,1057427.4,124615.8,639546.5
2023,70,994060.0,721910.9,426177.1,379406.6,46770.4,295690.5
2023,73,1374384.0,1051245.5,612401.7,539511.1,72890.6,438852.9
2023,76,4638029.0,3566917.6,2345140.0,2067902.2,277237.8,1223191.0
2023,81,313097.0,196592.1,104207.5,89060.1,15147.5,92425.5
2023,85,467775.0,328949.6,208800.8,184695.6,24105.2,120399.2
2023,86,383042.0,238614.8,149233.0,130524.2,18708.8,89135.7
2023,88,62269.0,38324.4,24166.7,21149.1,3017.5,14114.7
2023,91,85056.0,50602.8,31762.2,27661.5,4100.8,18817.7
2023,94,56551.0,33527.0,20945.6,18225.3,2720.3,12583.7
2023,95,97616.0,58338.0,36833.3,32271.7,4561.6,21519.4
2023,97,46777.0,27835.2,17483.8,15227.4,2256.4,10349.5
2023,99,123304.0,73507.1,46191.1,40244.9,5946.3,27292.5
2024,5,6903721.0,5629352.3,3679743.8,3341030.5,338713.3,1954688.5
2024,8,2827124.0,2167131.8,1403253.3,1270884.3,132369.0,766549.2
2024,11,7929539.0,6137321.2,3933654.9,3549666.4,383988.5,2202683.3
2024,13,2264523.0,1669987.3,1018924.7,915139.5,103785.2,651284.6
2024,15,1311983.0,981122.8,593184.1,540944.5,52239.7,388432.8
2024,17,1046110.0,846348.1,498243.4,452338.3,45905.1,348690.7
2024,18,428162.0,305429.7,192477.1,165929.3,26547.8,113277.7
2024,19,1574506.0,1177289.7,838450.7,770215.3,68235.4,338887.9
2024,20,1395486.0,977798.7,593590.8,526248.7,67342.1,385156.6
2024,23,1914778.0,1416313.2,909244.5,823242.2,86002.2,508533.6
2024,25,3553293.0,2864046.1,1945044.2,1739562.4,205481.8,924042.1
2024,27,605478.0,383686.3,170767.7,141615.5,29152.2,213761.7
2024,41,1192273.0,862536.6,513750.3,465470.9,48279.4,350351.9
2024,44,1057252.0,691776.4,432298.8,380670.8,51627.9,260400.6
2024,47,1513782.0,1074769.6,651677.3,590202.0,61475.2,423439.9
2024,50,1145766.0,821130.1,527010.0,470324.9,56685.1,294187.7
2024,52,1709890.0,1271008.8,982290.6,918293.5,63997.1,288398.5
2024,54,1709570.0,1246854.3,750395.1,656824.0,93571.1,497017.2
2024,63,566048.0,473672.2,282826.2,248031.9,34794.3,191369.6
2024,66,973879.0,785265.4,468817.5,425603.9,43213.7,315946.6
2024,68,2376736.0,1845428.5,1189856.0,1061730.5,128125.5,656592.6
2024,70,1006044.0,729508.2,436307.0,386642.3,49664.7,293602.4
2024,73,1380948.0,1058563.7,621681.8,548368.1,73313.6,437110.3
2024,76,4647367.0,3608425.6,2344063.4,2067450.2,276613.2,1266026.7
2024,81,317398.0,200143.8,106280.6,90462.6,15818.1,94113.3
2024,85,475144.0,337537.6,217241.1,192681.7,24559.4,120799.6
2024,86,388716.0,244235.7,154781.1,135209.9,19571.2,89876.6
2024,88,62249.0,38573.6,24742.8,21669.5,3073.3,13843.1
2024,91,86318.0,51621.9,32980.5,28749.3,4231.2,18710.9
2024,94,57934.0,34446.4,21858.4,19016.0,2842.4,12651.5
2024,95,100497.0,60266.7,38711.9,33931.0,4780.9,21683.7
2024,97,47961.0,28658.0,18328.5,15971.4,2357.0,10387.2
2024,99,125477.0,75163.5,48076.4,41914.2,6162.2,27202.5
2025,5,6950463.2,5680154.4,3737843.8,3407065.2,330778.6,1953322.9
2025,8,2844061.4,2194987.5,1430689.0,1297764.0,132925.0,769856.9
2025,11,7981869.1,6166809.4,3982417.4,3603855.6,378561.8,2195739.8
2025,13,2279599.6,1680432.9,1009256.8,903747.4,105509.4,674679.2
2025,15,1322703.6,991098.2,605917.5,555967.8,49949.7,387374.7
2025,17,1054955.9,852577.2,506120.9,462243.0,43877.9,347912.0
2025,18,431589.1,307400.9,197264.8,171486.9,25777.9,111093.3
2025,19,1586493.0,1186100.5,861436.7,795135.5,66301.3,326621.6
2025,20,1404218.2,986858.5,603027.8,535634.5,67393.3,386406.5
2025,23,1928344.8,1430383.2,924524.5,839166.9,85357.6,509038.0
2025,25,3577589.1,2894174.1,1977472.9,1774063.1,203409.8,923169.3
2025,27,609586.3,388510.3,180463.5,151044.0,29419.6,209527.5
2025,41,1201186.8,874845.5,523130.6,474336.5,48794.1,354023.2
2025,44,1063165.3,699868.2,441163.0,394464.8,46698.2,260940.1
2025,47,1523358.0,1082586.9,654468.5,591949.3,62519.2,430197.0
2025,50,1153332.9,825237.2,531834.9,475974.4,55860.5,295210.1
2025,52,1723306.3,1281712.9,987163.1,925466.8,61696.3,296119.0
2025,54,1719377.5,1253659.4,760382.9,665528.8,94854.1,496561.6
2025,63,570449.6,477486.5,292660.9,259409.2,33251.6,186161.5
2025,66,980908.2,786482.7,473894.2,431699.4,42194.7,313614.0
2025,68,2392832.8,1861624.0,1207051.3,1079719.1,127332.2,659619.2
2025,70,1013241.5,734831.1,447054.7,396991.9,50062.8,289603.7
2025,73,1392509.7,1066585.2,637554.5,562044.0,75510.5,432171.7
2025,76,4681423.3,3635917.5,2374010.5,2104082.0,269928.5,1272897.6
2025,81,319168.9,201717.8,108956.0,93027.3,15928.6,93389.2
2025,85,478285.2,341412.3,222380.1,197930.5,24449.6,120014.6
2025,86,391253.6,247552.8,159217.6,139465.0,19752.6,89218.8
2025,88,62758.7,38954.3,25439.3,22372.3,3067.0,13657.3
2025,91,86881.0,52207.2,33888.2,29632.4,4255.8,18498.8
2025,94,58271.4,34845.6,22431.5,19559.2,2872.2,12526.9
2025,95,101401.7,61150.7,39856.6,35025.9,4830.7,21510.7
2025,97,48264.9,29031.7,18849.2,16462.6,2386.7,10280.2
2025,99,126223.6,76022.3,49379.4,43167.8,6211.6,26895.2
